firstName,surName,age,address
Annelle,Bode,48,"Suite 227 7957 Jan Lock, New Mario, SC 07928-6985"
Taunya,Feest,58,"Apt. 680 5195 Consuela Mills, East Willard, UT 67750-1888"
Steven,Hansen,49,"078 Mayer Inlet, Dareview, VT 88717"
Walton,Mitchell,16,"736 Catherin Haven, Lake Romeo, RI 23592-8315"
Carola,Murphy,13,"Suite 518 401 Hickle Roads, Tedberg, VA 36612"
Clement,Reichert,24,"Apt. 808 09385 Mante Isle, Mortonfort, AZ 60889-0981"
Dexter,Schimmel,48,"Suite 751 70213 Collin Expressway, Yahairaburgh, IN 65263"
Vanessa,Tremblay,54,"06899 Gussie Squares, Nakishaport, OR 52951-4285"
Shanon,VonRueden,41,"Suite 176 843 Salena Mall, Wuckertfurt, CT 55068-8020"
Markus,Wilkinson,29,"1858 Beau Valleys, Denesikside, AR 62303-8110"
